id	name	extra	desc
226	A Sinister Stranger		He looks a LOT like a vampire...
959	A'abla		Trained to deal with all sorts of injuries.
801	Abbot Langley	15 HP	A holy man.
796	Achietties	42 HP	Distinctly heroic.
590	Aemad		He runs the adventurers' shop.
1257	Afflicted	Lv 37 · 30 HP	A local villager of Mort'ton.
1261	Afflicted	Lv 32 · 26 HP	A local villager of Mort'ton.
1258	Afflicted	Lv 34 · 28 HP	A local villager of Mort'ton.
1262	Afflicted	Lv 30 · 24 HP	A local villager of Mort'ton.
1253	Afflicted(Razmire)		A local villager of Mort'ton.
1251	Afflicted(Ulsquire)		A local villager of Mort'ton.
968	Afrah	7 HP	A citizen of Al Kharid.
922	Aggie		A witch.
1305	Agnar	Lv 48 · 50 HP	One of Rellekka's many citizens.
1021	Air elemental	Lv 34 · 30 HP	An air elemental.
832	Al Shabim		He's the leader of the Bedabin tribe.
18	Al-Kharid warrior	Lv 9 · 19 HP	Part of Al-Kharid's elite fighting force.
148	Albatross	Lv 26 · 32 HP	A sea bird.
793	Alfonse the waiter	7 HP	Smartly dressed, and ready to deliver food.
304	Almera		Nice hair.
891	Alomone	Lv 13 · 25 HP	Leader of the Hazeel cult.
710	Alrena		She looks concerned.
850	Aluft Gianne		It's a tree gnome chef.
822	Ana		She looks like a tourist.
672	Anita		Glough's girlfriend.
814	Anna		She's dressed in a red top and green trousers.
638	Apothecary		A dealer in potions.
619	Archaeological expert		An expert on archaeology.
649	Archer		She looks quite experienced.
27	Archer	Lv 37 · 50 HP	Good with arrows.
1075	Archer	Lv 42 · 50 HP	A Burthorpe Castle archer.
1073	Archer	Lv 42 · 50 HP	A Burthorpe Castle archer.
1074	Archer	Lv 42 · 50 HP	A Burthorpe Castle archer.
563	Arhein		He looks fairly well-to-do.
1202	Arianwyn		An odd looking person.
682	Armour salesman		Supplier of Rangers armour.
1100	Ash		Human is his speciality.
1295	Askeladden		Looks like a wanna be Fremennik.
1248	Asyn Shade	Lv 100 · 90 HP	The shadowy remains of a long departed soul.
1247	Asyn Shadow	Lv 100 · 90 HP	A shadowy sort of entity, kind of creepy looking.
553	Aubury		Runes are his passion.
52	Baby blue dragon	Lv 48 · 50 HP	Young but still dangerous.
51	Baby dragon	Lv 48 · 50 HP	Young but still dangerous.
695	Bailey		He smells of fish...
571	Baker		So where are the butcher and the candlestick maker?
195	Bandit	Lv 22 · 27 HP	A wilderness outlaw.
494	Banker		He can look after my money.
495	Banker		Good with money.
498	Banker		Manages money momentarily.
496	Banker		A financial expert.
497	Banker		Looks after your money.
499	Banker		He can look after my money.
1036	Banker		He can look after my money.
547	Baraek		Animal skins are a speciality.
12	Barbarian	Lv 7 · 14 HP	Not very civilised looking.
197	Barbarian guard	Lv 8 · 14 HP	Not very civilised looking.
384	Barbarian guard		Not very civilised looking.
17	Barbarian woman	Lv 8 · 14 HP	Scary in an argument!
1231	Bark Blamish Snail	Lv 15 · 22 HP	A branch bark coloured blamish snail, these types are said to spit acid.
1039	Barker		Has a distinguished air about him.
736	Barmaid		I could get a beer from her.
30	Barman		Doesn't water down the beer too much.
849	Barman		He serves cocktails.
733	Bartender		I could get a beer from him.
735	Bartender		I could get a beer from him.
732	Bartender		I could get a beer from him.
739	Bartender		I could get a beer from him.
738	Bartender		I could get a beer from him.
737	Bartender		I could get a beer from him.
731	Bartender		I could get a beer from him.
734	Bartender		I could get a beer from him.
412	Bat	Lv 6 · 8 HP	Annoying flappy thing.
914	Battle mage	Lv 54 · 120 HP	He kills in the name of Guthix.
913	Battle mage	Lv 54 · 120 HP	He kills in the name of Saradomin.
912	Battle mage	Lv 54 · 120 HP	He kills in the name of Zamorak.
105	Bear	Lv 21 · 27 HP	Eek! A bear!
106	Bear	Lv 19 · 25 HP	Eek! A bear!
1326	Bear Cub	Lv 15 · 20 HP	Cute.  But deadly.
1327	Bear Cub	Lv 15 · 20 HP	Cute.  But deadly.
833	Bedabin Nomad		A bedabin nomad, they live in the harshest extremes in the desert.
1239	Bedabin Nomad Fighter	Lv 56 · 50 HP	A bedabin nomad fighter - a sandy swordsman.
834	Bedabin Nomad Guard	70 HP	A bedabin nomad guard - it looks like he's protecting an area.
252	Beggar		He looks very hungry...
1129	Berry	Lv 71 · 90 HP	He's guarding the cells.
583	Betty		She seems like a nice sort of person.
228	Big Dave		I can see how he got his name.
141	Big Wolf	Lv 73 · 74 HP	Must be the pack leader.
1093	Billy		Billy is a baahd goat.
723	Billy Rehnison		The Rehnisons' eldest son.
1284	Bjorn		Looks like he's having fun!
84	Black Demon	Lv 172 · 157 HP	A big, scary, jet-black demon.
677	Black Demon	Lv 172 · 157 HP	A big, scary, jet-black demon.
54	Black dragon	Lv 227 · 190 HP	A fierce dragon with black scales!
202	Black Heather	Lv 34 · 37 HP	Has a fearsome scowl.
179	Black Knight	Lv 33 · 42 HP	A dark-hearted knight.
178	Black Knight	Lv 33 · 42 HP	A dark-hearted knight.
610	Black Knight		One of the Black Knights.
221	Black Knight Titan	Lv 120 · 142 HP	He looks mean and powerful.
133	Black unicorn	Lv 27 · 29 HP	A unicorn with a blackened heart.
1329	Black unicorn Foal	Lv 22 · 25 HP	Cute but evil.
978	Blessed Giant rat	Lv 9 · 30 HP	It's one of Ibans' pet vermin.
977	Blessed spider	Lv 39 · 32 HP	It's one of Ibans' pets.
1014	Bloated Toad		A green skinned croaker.
1233	Blood Blamish Snail	Lv 20 · 10 HP	A blood coloured blamish snail, these types are said to spit acid.
1228	Blood Blamish Snail	Lv 20 · 13 HP	A blood coloured blamish snail, these types are said to spit acid.
55	Blue dragon	Lv 111 · 105 HP	A mother dragon.
848	Blurberry		He seems to run the cocktail bar.
519	Bob		An expert on axes.
815	Bob		He's dressed all in red.
1091	Bob		The Jagex cat.
471	Bolkoy		It's a tree gnome.
225	Bonzo		The Fishing Contest Judge.
665	Boot	16 HP	A short angry guy.
925	Border Guard	22 HP	Guards the border.
926	Border Guard	22 HP	Guards the border.
1307	Borrokar	Lv 48 · 50 HP	One of Rellekka's many citizens.
939	Boulder		I wonder what this is doing here.
986	Boulder		Precariously balanced....
269	Bouncer	Lv 137 · 116 HP	Nice doggy.
683	Bow and Arrow salesman		Supplier of Archery equipment.
895	Boy		A sad looking child...
711	Bravek		The city warder of West Ardougne.
1084	Breoca	Lv 5 · 10 HP	A citizen of Burthorpe.
559	Brian		An expert on axes.
171	Brimstail		Small but powerful.
280	Brother Cedric		An old drunk monk.
802	Brother Jered	15 HP	A holy man.
223	Brother Kojo		A peaceful monk.
279	Brother Omad		An old monk.
1235	Bruise Blamish Snail	Lv 20 · 15 HP	A bruise blue coloured blamish snail, these types are said to spit acid.
1230	Bruise Blamish Snail	Lv 20 · 12 HP	A bruise blue coloured blamish snail, these types are said to spit acid.
1294	Brundt the Chieftain		The Fremennik tribes' chieftain.
1012	Bugs		This must be Rantz's son.
1320	Bunny	5 HP	Hoppity, hoppity.
1321	Bunny	5 HP	Hoppity, hoppity.
1151	Burntmeat		Human is his speciality.
890	Butler Jones		The Carnillean family butler.
153	Butterfly		These look much better in the wild.
155	Butterfly		It's a Blue Morpho Butterfly.
156	Butterfly		It's a Tiger Swallowtail Butterfly.
157	Butterfly		It's a Viceroy Butterfly.
154	Butterfly		I love butterflies.
1280	Butterfly		Flutter by oh butterfly.
754	Cabin Boy Jenkins		His job is to keep the ship in tip-top condition!
666	Caleb		A well dressed nobleman.
80	Camel		Oh, it's a camel.
562	Candle maker		Has an odd smell about him.
437	Cap'n Izzy No-Beard		Entrance clerk for the Brimhaven Agility Arena.
381	Captain Barnaby		An old sailor.
884	Captain Rovin		The head of the palace guard.
518	Captain Shanks		He's the Captain of the 'Lady of the Waves'.
831	Captain Siad		He's in control of the whole mining camp.
376	Captain Tobias		An old sea dog.
712	Carla		She looks upset.
816	Carol		She's wearing a blue top and red trousers.
696	Caroline		She looks very worried about something.
577	Cassie		Nice eyes.
768	Cat		A fully grown feline.
771	Cat		A fully grown feline.
773	Cat		A fully grown feline.
770	Cat		A fully grown feline.
772	Cat		A fully grown feline.
769	Cat		A fully grown feline.
656	Cave monk		Unsurprisingly monk like.
1089	Ceolburg	Lv 4 · 10 HP	A citizen of Burthorpe.
885	Ceril Carnillean		Head of the Carnillean household.
971	chadwell		Shop keeper.
904	Chamber guardian		He hasn't seen much sun lately.
338	Chancy		He's ready for a bet.
339	Chancy		He's ready for a bet.
181	Chaos druid	Lv 13 · 20 HP	A crazy evil druid.
193	Chaos druid warrior	Lv 37 · 40 HP	A crazy evil druid.
119	Chaos dwarf	Lv 48 · 61 HP	A dwarf gone bad.
673	Charlie		Poor guy, he looks frightened.
794	Charlie the cook	3 HP	Distinctly cook-like.
636	Cheerleader		Cheerleading is a real sport!
367	Chemist		Smells very chemically...
41	Chicken	Lv 1 · 3 HP	Yep, definitely a chicken.
1017	Chicken	Lv 1 · 3 HP	Yep, definitely a chicken.
356	Child		One of RuneScapes' many citizens.
355	Child		One of RuneScapes' many citizens.
1015	Chompy bird	Lv 6 · 10 HP	A large boisterous bird, a delicacy for ogres.
1016	Chompy bird		A once boisterous bird, closer to being an ogre delicacy.
667	Chronozon	Lv 170 · 60 HP	Chronozon the blood demon.
29	Chuck		He's a lumberjack, and he's ok.
862	City guard	Lv 83 · 80 HP	Tries to keep the peace.
785	Civillian		A citizen of Ardougne.
786	Civillian		A citizen of Ardougne.
787	Civillian		A citizen of Ardougne.
886	Claus the chef		The Carnillean family chef.
713	Clerk		A bureaucratic administrator.
893	Clivet	Lv 13 · 25 HP	A member of the Hazeel cult.
878	Colonel Radick	Lv 38 · 65 HP	A military man.
470	Commander Montai		It's a tree gnome.
693	Competition Judge		Overseer of the Archery competition.
278	Cook		The head cook of Lumbridge castle.
1135	Cook		Human is his speciality.
1136	Cook		Human is his speciality.
1137	Cook		Human is his speciality.
147	Cormorant	Lv 26 · 32 HP	A sea bird.
1287	Council workman		Supposedly fixes things around RuneScape.
289	Councillor Halgrive		Important looking.
757	Count Draynor	Lv 34 · 35 HP	Stop looking and run!
81	Cow	Lv 2 · 8 HP	It's a dairy cow.
955	Cow	Lv 2 · 8 HP	It's a dairy cow.
397	Cow	Lv 2 · 8 HP	It's a dairy cow.
767	Crate		Can I hear kittens?
217	Crone		A crone.
646	Curator		He runs the museum.
380	Customs officer		Inspects peoples' packages.
116	Cyclops	Lv 56 · 55 HP	A one-eyed man eater.
1125	Dad	Lv 101 · 120 HP	An unusually large troll.
1344	Dagannoth	Lv 92 · 120 HP	A horror from the ocean depths...
1345	Dagannoth	Lv 100 · 120 HP	A horror from the ocean depths...
1346	Dagannoth	Lv 100 · 120 HP	A horror from the ocean depths...
1347	Dagannoth	Lv 100 · 120 HP	A horror from the ocean depths...
1341	Dagannoth	Lv 92 · 120 HP	A horror from the ocean depths...
1342	Dagannoth	Lv 92 · 120 HP	A horror from the ocean depths...
1343	Dagannoth	Lv 92 · 120 HP	A horror from the ocean depths...
1338	Dagannoth	Lv 74 · 70 HP	A horror from the ocean depths...
1339	Dagannoth	Lv 74 · 70 HP	A horror from the ocean depths...
1340	Dagannoth	Lv 74 · 70 HP	A horror from the ocean depths...
1351	Dagannoth mother	Lv 100 · 120 HP	A horror from the ocean depths...
1348	Dagannoth mother	Lv 100 · 120 HP	A horror from the ocean depths...
1349	Dagannoth mother	Lv 100 · 120 HP	A horror from the ocean depths...
1350	Dagannoth mother	Lv 100 · 120 HP	A horror from the ocean depths...
1354	Dagannoth mother	Lv 100 · 120 HP	A horror from the ocean depths...
1353	Dagannoth mother	Lv 100 · 120 HP	A horror from the ocean depths...
1356	Dagannoth mother	Lv 100 · 120 HP	A horror from the ocean depths...
1355	Dagannoth mother	Lv 100 · 120 HP	A horror from the ocean depths...
1352	Dagannoth mother	Lv 100 · 120 HP	A horror from the ocean depths...
967	Dalal	7 HP	A citizen of Al Kharid.
1001	Dark mage		A dark magic user.
192	Dark warrior	Lv 8 · 17 HP	A warrior touched by chaos.
172	Dark wizard	Lv 20 · 24 HP	A practicer of dark arts.
174	Dark wizard	Lv 7 · 12 HP	He works evil magic.
817	David		He's dressed all in green.
588	Davon		An amulet trader.
63	Deadly red spider	Lv 34 · 35 HP	I think this spider has been genetically modified.
79	Death wing	Lv 83 · 80 HP	A shadowy, barely visible flying entity from some evil place.
879	Delrith	Lv 27 · 7 HP	A freshly summoned demon.
1060	Denulth		Commander of the Imperial Guard.
839	Desert Wolf	Lv 27 · 34 HP	A vicious Desert wolf
336	DeVinci		He has a colourful personality.
337	DeVinci		He has a colourful personality.
970	Diango		He smells funny.
613	Digsite workman		This person is working on the site.
614	Digsite workman		This person is working on the site.
664	Dimintheis		A well dressed nobleman.
1198	Dire Wolf	Lv 88 · 85 HP	What big teeth you have.
292	Diseased sheep 1		Even from here you can see this sheep's not well.
293	Diseased sheep 2		Even from here you can see this sheep's not well.
294	Diseased sheep 3		Even from here you can see this sheep's not well.
295	Diseased sheep 4		Even from here you can see this sheep's not well.
290	Doctor Orbon		Seems very serious.
98	Dog		Bow wow.
545	Dommik		If crafting's your thing, he's your man!
203	Donny the lad	Lv 34 · 37 HP	Has a fearsome posture.
806	Donovan the Family Handyman		He looks very tired...
999	Doomion	Lv 91 · 87 HP	One of the Guardians of Iban.
33	Door man		What a boring job he has.
284	Doric		A dwarf smith, quite handy with a hammer.
756	Dr Harlow		A few too many drinks perhaps...
1048	Drezel		A holy man.
1049	Drezel		A holy man.
579	Drogo dwarf		He runs a mining store.
14	Druid	Lv 33 · 30 HP	Loves nature.
956	Drunken Dwarf	255 HP	He's had a fair bit to drink...
56	Dryad		A wood nymph.
44	Duck	Lv 1 · 3 HP	Quackers.
45	Duck	Lv 1 · 3 HP	She quackers.
46	Duckling	Lv 1 · 3 HP	Mini quackers.
741	Duke Horacio		Duke Horacio of Lumbridge.
1099	Dung		Human is his speciality.
224	Dungeon rat	Lv 12 · 12 HP	A dirty rat.
88	Dungeon rat	Lv 12 · 12 HP	Overgrown vermin.
1082	Dunstan		Smithy for Burthorpe.
120	Dwarf	Lv 20 · 26 HP	A mountain dwelling short angry guy.
121	Dwarf	Lv 9 · 16 HP	A short angry guy.
118	Dwarf	Lv 10 · 16 HP	A short angry guy.
582	Dwarf		I wonder if he wants to buy my junk?
206	Dwarf	Lv 10 · 16 HP	A Dwarf guard.
382	Dwarf		A dwarf who looks after the mining guild.
208	Dwarf Commander	16 HP	He guards the mines.
207	Dwarf youngster	6 HP	A young Dwarf lad.
1072	Eadburg	Lv 4 · 10 HP	The Burthorpe Castle cook.
1113	Eadgar		A rather mad looking hermit.
1023	Earth elemental	Lv 35 · 35 HP	An earth elemental.
1020	Earth elemental	Lv 35 · 35 HP	An earth elemental.
124	Earth warrior	Lv 51 · 54 HP	A strange inhuman elemental warrior.
940	Echned Zekin	Lv 187 · 150 HP	A spirit of the underworld.
714	Edmond		A local civilian.
1285	Eldgrim		He's only as think as you drunk he is!
335	Elena		She looks concerned.
715	Elena		She doesn't look too happy.
1199	Elf Tracker		An elf tracker.
1201	Elf warrior		He looks pretty handy with that bow.
1183	Elf warrior	Lv 90 · 105 HP	He looks pretty handy with that bow.
1184	Elf warrior	Lv 108 · 105 HP	I don't wanna be at the wrong end of that pike.
818	Elizabeth		She's wearing a green top and blue trousers.
473	Elkoy		It's a tree gnome.
474	Elkoy		It's a tree gnome.
742	Elvarg	Lv 83 · 120 HP	Rawr! A dragon!
1185	Elven city guard		An elven city guard.
870	Enclave guard	Lv 83 · 80 HP	Big and ugly looking.
139	Entrana Fire Bird	Lv 2 · 5 HP	Probably not a chicken.
1080	Eohric		Head servant for Prince Anlaf.
287	Ernest		A former chicken.
288	Ernest		Yep, definitely a chicken.
826	Escaping slave		He's making a break for it!
1187	Essyllt		An elf war band leader.
618	Examiner		Upon examining the examiner you examine it is indeed an examiner!
958	Fadli		Looks kinda bored.
57	Fairy		A delicate creature from this strange realm.
567	Fairy		Looks strange and mysterious.
653	Fairy Queen		Looks otherworldy...
535	Fairy shop assistant		Sells stuff.
534	Fairy shop keeper		Sells stuff.
554	Fancy dress shop owner		For the interesting clothing items you just can't find elsewhere.
7	Farmer	Lv 7 · 12 HP	He grows the crops in this area.
291	Farmer Brumty		There's a sadness in his eyes.
596	Fat tony		An expert on Pizzas. Both making and eating.
456	Father Aereck		Looks a bit holy.
640	Father Lawrence		A religious man... And occasional drunk.
458	Father Urhney		Looks very holy.
824	Female slave		She looks like she's been down here a long time.
676	Femi		A gnome trader.
517	Fernahei		This is Fernahei - he owns the local fishing tackle shop.
1040	Fidelio		A lycanthrope shopkeeper.
262	Fightslave		A fightslave. He looks mistreated and weak.
1050	Filliman Tarlock		The animated spirit of a soul not at rest.
932	Fionella		She sells general items at the Legends Guild.
1019	Fire elemental	Lv 35 · 30 HP	A fire elemental.
110	Fire giant	Lv 86 · 111 HP	A very large elemental adversary.
277	Fire Warrior of Lesarkus	Lv 84 · 59 HP	Intimidating!
1315	Fish monger		Fish-tastic!
702	Fisherman		He smells of salty fish.
703	Fisherman		He smells of salty fish.
704	Fisherman		He smells of salty fish.
705	Fisherman		Something fishy about him...
219	Fisherman		Its a fisherman!
1302	Fisherman		There's something fishy about this guy.
331	Fishing spot		I can see fish swimming in the water.
1177	Fishing spot		Something dark green is lurking in these waters.
1175	Fishing spot		There are brightly coloured fish swimming in the water.
1178	Fishing spot		Something dark green is lurking in these waters.
334	Fishing spot		I can see fish swimming in the water.
333	Fishing spot		I can see fish swimming in the water.
332	Fishing spot		I can see fish swimming in the water.
1250	Fiyr Shade	Lv 120 · 110 HP	The shadowy remains of a long departed soul.
1249	Fiyr Shadow	Lv 120 · 110 HP	A shadowy sort of entity, kind of creepy looking.
151	Fly trap	100 HP	No flies on me.
580	Flynn		The mace salesman.
674	Foreman	Lv 23 · 20 HP	The boss!
22	Forester	Lv 15 · 17 HP	They love the forests.
231	Forester		He likes to cut down trees.
609	Fortress Guard	Lv 20 · 22 HP	A generic evil henchman.
1273	Fossegrimen		A powerful spirit that lives in this lake.
1319	Fox	30 HP	Foxy.
819	Frank		He's dressed all in blue.
758	Fred the Farmer		A well fed looking farmer.
1306	Freidir	Lv 48 · 50 HP	One of Rellekka's many citizens.
593	Frenita		A recipe for success...in cooking.
1310	Freygerd	Lv 48 · 50 HP	One of Rellekka's many citizens.
1277	Fridgeir		A music lover?
578	Frincos		Kind of funny looking.
573	Fur trader		Knows how to keep warm in the winter.
1316	Fur trader		I wonder what he does with all that fur?
1011	Fycie		This must be Rantz's daughter.
586	Gaius		Ironically, makes a living from swords.
218	Galahad		A former Knight of the Round Table.
1217	Gardener	Lv 3 · 7 HP	An old gardener.
788	Garv	104 HP	A diligent guard.
570	Gem merchant		Seems very well off.
540	Gem trader		Makes his money selling rocks.
296	General Bentnoze		An ugly green creature.
1207	General Hining		Leader of King Tyras's men.
258	General Khazard	Lv 112 · 170 HP	He looks really nasty. Smells bad too.
297	General Wartface		An ugly green creature.
409	Genie		Maybe he'll grant me a wish...
303	Gerald		Looks suspiciously like a fisherman.
558	Gerrant		An expert on fishing.
780	Gertrude		A busy housewife.
759	Gertrudes cat		A friendly feline?
1052	Ghast	45 HP	Arrghhh... A Ghast.
1053	Ghast	Lv 30 · 45 HP	Arrghhh... A Ghast.
749	Ghost	Lv 19 · 25 HP	Eeek! A ghost!
103	Ghost	Lv 19 · 25 HP	Eeek! A ghost!
104	Ghost	Lv 19 · 25 HP	Eeek! A ghost!
491	Ghost	Lv 24 · 20 HP	Spooky!
1218	Ghoul	Lv 42 · 50 HP	It's totally savage.
117	Giant	Lv 28 · 35 HP	A very large foe.
78	Giant bat	Lv 27 · 32 HP	Annoying flappy thing.
1005	Giant bat		Annoying flappy thing.
748	Giant rat	Lv 6 · 10 HP	Overgrown vermin.
86	Giant rat	Lv 3 · 5 HP	Overgrown vermin.
87	Giant rat	Lv 6 · 10 HP	Overgrown vermin.
59	Giant spider	Lv 2 · 5 HP	I think this spider has been genetically modified.
60	Giant spider	Lv 27 · 32 HP	I think this spider has been genetically modified.
671	Glough		A rough looking gnome.
67	Gnome	Lv 1 · 3 HP	Like a mini man!
68	Gnome	Lv 1 · 3 HP	Like a mini man!
66	Gnome	Lv 1 · 3 HP	Like a mini man!
481	Gnome		Looks like a gnome to me.
482	Gnome		Looks like a gnome to me.
483	Gnome		Looks like a gnome to me.
635	Gnome ball referee		Keeps the game fair.
167	Gnome baller		A professional gnome baller.
625	Gnome baller		A professional gnome baller.
627	Gnome baller		A professional gnome baller.
628	Gnome baller		A professional gnome baller.
626	Gnome baller		A professional gnome baller.
621	Gnome baller		A professional gnome baller.
623	Gnome baller		A professional gnome baller.
624	Gnome baller		A professional gnome baller.
622	Gnome baller		A professional gnome baller.
629	Gnome baller		A professional gnome baller.
631	Gnome baller		A professional gnome baller.
632	Gnome baller		A professional gnome baller.
630	Gnome baller		A professional gnome baller.
166	Gnome banker		Banks gnomish things.
161	Gnome child	Lv 1 · 2 HP	Small, even by gnome standards.
160	Gnome child	Lv 1 · 2 HP	Small, even by gnome standards.
159	Gnome child	Lv 1 · 2 HP	Small, even by gnome standards.
163	Gnome guard	Lv 23 · 31 HP	A tree gnome guard.
164	Gnome guard	Lv 23 · 31 HP	A tree gnome guard.
170	Gnome pilot		He can fly the glider.
165	Gnome shop keeper		Sells gnomish things.
162	Gnome trainer		He can advise on training.
480	Gnome troop	Lv 1 · 3 HP	It's a tree gnome trooper.
479	Gnome troop	Lv 1 · 3 HP	It's a tree gnome trooper.
851	Gnome Waiter		He can serve you gnome food.
633	Gnome winger		A professional gnome baller.
634	Gnome winger		A professional gnome baller.
168	Gnome woman	Lv 1 · 2 HP	A female gnome.
169	Gnome woman	Lv 1 · 2 HP	A female gnome.
100	Goblin	Lv 2 · 5 HP	An ugly green creature.
101	Goblin	Lv 5 · 12 HP	An ugly green creature.
298	Goblin	Lv 5 · 12 HP	An ugly green creature.
102	Goblin	Lv 13 · 16 HP	These goblins have grown strong.
299	Goblin	Lv 5 · 12 HP	An ugly green creature.
489	Goblin guard	Lv 42 · 43 HP	I will have to kill him to get past him.
1114	Godric		Dunstan's son.
1271	Golden sheep		Freshly shorn.
1272	Golden sheep		Lovely thick wool.
85	Golem	Lv 55 · 70 HP	A creature made from clay.
306	Golrie		It's a tree gnome
856	Gorad	Lv 68 · 80 HP	Big, dumb and ugly.
813	Gossip		One of those people who love to gossip!
210	Grail Maiden		She looks serene.
230	Grandpa Jack		He looks elderly.
493	Grave Scorpion	Lv 12 · 7 HP	A vicious little stinging thing.
83	Greater demon	Lv 92 · 87 HP	Big, red, and incredibly evil.
941	Green dragon	Lv 79 · 75 HP	Must be related to Elvarg.
612	Greldo		An ugly green creature.
854	Grew		Very probably an ogre.
792	Grip	Lv 22 · 25 HP	Looks like he's been in the wars...
1195	Grizzly bear	Lv 24 · 35 HP	Eek! A big bear!
1196	Grizzly bear cub	Lv 19 · 35 HP	Eek! A bear cub!
1197	Grizzly bear cub	Lv 19 · 35 HP	Eek! A bear cub!
789	Grubor	12 HP	A rough looking thief.
556	Grum		Loves his gold!
32	Guard	Lv 20 · 22 HP	Keeps the peace... kind of.
368	Guard		He tries to keep order around here.
1076	Guard	Lv 37 · 40 HP	A Burthorpe Castle guard.
1077	Guard	Lv 37 · 40 HP	A Burthorpe Castle guard.
1150	Guard		He's guarding the goutweed.
887	Guard		On special duty to protect the Carnilleans.
9	Guard	Lv 21 · 22 HP	He tries to keep order around here.
10	Guard	Lv 22 · 22 HP	He tries to keep order around here.
344	Guard		He tries to keep order around here.
345	Guard		He tries to keep order around here.
346	Guard		He tries to keep order around here.
812	Guard		An officer of the Law.
678	Guard	Lv 37 · 50 HP	Keeps order in the ranging guild.
1142	Guard		He's guarding the storeroom.
1143	Guard		He's guarding the storeroom.
1144	Guard		He's guarding the storeroom.
1145	Guard		He's guarding the storeroom.
1146	Guard		He's guarding the storeroom.
1147	Guard		He's guarding the storeroom.
1148	Guard		He's guarding the storeroom.
1149	Guard		He's guarding the storeroom.
1296	Guard		Stands around and looks at stuff all day.
1297	Guard		Stands around and looks tough all day.
196	Guard Bandit	Lv 22 · 27 HP	Bandit Camp guard.
99	Guard dog	Lv 44 · 49 HP	He doesn't seem pleased to see me.
275	Guardian of Armadyl	Lv 43 · 40 HP	A guard who has devoted their life to Armadyl.
274	Guardian of Armadyl	Lv 45 · 50 HP	A guard who has devoted their life to Armadyl.
343	Guidor		He's not that ill.
342	Guidor's wife		She looks rather concerned.
198	Guild master		Master of the guild.
928	Gujuo		A dark, charismatic jungle native.
149	Gull	32 HP	A sea bird.
150	Gull	32 HP	A sea bird.
146	Gull	Lv 26 · 32 HP	A sea bird.
1322	Gull	32 HP	A sea bird.
1323	Gull	32 HP	A sea bird.
1324	Gull	32 HP	A sea bird.
1325	Gull	32 HP	A sea bird.
602	Gulluck		He sells weapons.
902	Gundai		He must get lonely out here.
607	Gunnjorn		He maintains this agility course
199	Gunthor the brave	Lv 29 · 35 HP	A mighty warrior!
882	Gypsy		An old gypsy lady.
302	Hadley		Could do with losing a bit of weight.
598	Hairdresser		Anyone fancy a trim?
510	Hajedy		A cart driver, it looks like he's quite experienced.
991	Half-Souless		A creature empty of emotion.
1008	Hamid		A holy man.
0	Hans		Servant of the Duke of Lumbridge.
1078	Harold		An off-duty Burthorpe Castle guard.
576	Harry		Something fishy about him.
923	Hassan		The chancellor to the Emir.
892	Hazeel		An evil being raised from the dead.
894	Hazeel Cultist	Lv 13 · 25 HP	A member of the Hazeel cult.
669	Hazelmere		An ancient looking gnome.
847	Head chef		Despite his name, rarely actually cooks heads.
716	Head mourner		In charge of people with silly outfits.
283	Head Thief	Lv 26 · 37 HP	The head of the treacherous blanket stealing gang.
603	Heckel Funch		It's another jolly tree gnome.
797	Helemos		A retired hero.
49	Hellhound	Lv 122 · 116 HP	Hello, nice doggy...
263	Hengrad		He looks mistreated and weak.
889	Henryeta Carnillean		Ceril Carnilleans' wife.
21	Hero	Lv 69 · 82 HP	Heroic!
584	Herquin		Seems very well off.
307	Hetty		An old motherly witch with a curious smile and a hooked nose.
575	Hickton		A master fletcher.
216	High Priest		High Priest of Entrana.
180	Highwayman	Lv 5 · 13 HP	He holds up passers by.
1090	Hild	Lv 4 · 10 HP	A citizen of Burthorpe.
808	Hobbes		He looks kind of stuck up...
123	Hobgoblin	Lv 42 · 49 HP	An ugly, smelly creature, with a spear.
122	Hobgoblin	Lv 28 · 29 HP	An ugly, smelly creature.
700	Holgart		A very good sailor.
699	Holgart		A very good sailor.
698	Holgart		A very good sailor.
1000	Holthion	Lv 91 · 87 HP	One of the Guardians of Iban.
340	Hops		He's drunk.
341	Hops		He's drunk.
845	Horacio		Could do with losing a few pounds.
549	Horvik		The man with the armour.
600	Hudo		It's another jolly tree gnome.
305	Hudon		Looks young.
1088	Hygd	Lv 4 · 10 HP	A citizen of Burthorpe.
1002	Iban disciple	Lv 13 · 20 HP	A dark magic user.
111	Ice giant	Lv 49 · 70 HP	He's got icicles in his beard.
795	Ice Queen	Lv 111 · 104 HP	A cold hearted lady.
64	Ice spider	Lv 61 · 65 HP	I think this spider has been genetically modified.
125	Ice warrior	Lv 57 · 59 HP	A cold hearted elemental warrior.
145	Ice warrior	Lv 57 · 59 HP	The Ice Queen's Royal Guard.
1186	Idris	51 HP	An elf hunting party leader.
964	Ima	7 HP	A citizen of Al Kharid.
708	Imp	Lv 2 · 8 HP	A cheeky little imp.
709	Imp	Lv 3 · 9 HP	A vicious little imp.
1314	Inga	Lv 48 · 50 HP	One of Rellekka's many citizens.
173	Invrigar the Necromancer	Lv 20 · 24 HP	An evil user of Magic powers
835	Irena		A resident of Al-Kharid.
566	Irksol		Is he invisible or just a set of floating clothing?
937	Irvig Senay	Lv 100 · 125 HP	The spirit of a long dead warrior.
966	Jadid	7 HP	A citizen of Al Kharid.
917	Jail guard	Lv 26 · 32 HP	I wonder who he's guarding?
201	Jailer	Lv 47 · 47 HP	Guards prisoners for the black knights.
564	Jakut		A being from a mysterious other realm.
962	Jaraah		Has the messy job of putting players back together again.
587	Jatix		He runs the Herblore Shop
969	Jeed	7 HP	A citizen of Al Kharid.
1312	Jennella	Lv 48 · 50 HP	One of Rellekka's many citizens.
265	Jeremy Servil		A young squire. He looks worse for wear.
266	Jeremy Servil		A young squire. He looks worse for wear.
366	Jerico		He looks friendly enough.
725	Jethick		A cynical old man.
560	Jiminua		Goods for sale and trade!
261	Joe		A fightslave. He looks mistreated and weak.
916	Joe		Lady Keli's head guard.
113	Jogre	Lv 53 · 60 HP	An aggressive humanoid.
668	Johnathon		A well dressed nobleman.
645	Jonny the beard	Lv 2 · 8 HP	Looks kind of shifty...
229	Joshua		He loves to fish!
1335	Jossik		Looks like he's in trouble...
1334	Jossik		Apparently he keeps a lighthouse.
637	Juliet		A tearful damsel, maybe I can help her?
402	Jungle Forester		She deals in exotic types of wood.
401	Jungle Forester		He deals in exotic types of wood.
931	Jungle Savage	Lv 90 · 90 HP	An aggresive native of the Kharazi jungle.
62	Jungle spider	Lv 44 · 50 HP	A barely visible deadly jungle spider.
143	Jungle Wolf	Lv 64 · 69 HP	A rare jungle wolf - specific to the Kharazi jungle.
267	Justin Servil	20 HP	Jeremy's father Sir Servil.
512	Kaleb Paramaya		This is Kaleb Paramaya - a warm and friendly inn owner.
1155	Kalphite Guardian	Lv 141 · 170 HP	I don't think insect repellent will work...
1157	Kalphite Guardian	Lv 141 · 170 HP	I don't think insect repellent will work...
1161	Kalphite Larva		I don't think insect repellent will work...
1160	Kalphite Queen	Lv 333 · 255 HP	I don't think insect repellent will work...
1158	Kalphite Queen	Lv 333 · 255 HP	I don't think insect repellent will work...
1159	Kalphite Queen		I don't think insect repellent will work...
1154	Kalphite Soldier	Lv 85 · 90 HP	I don't think insect repellent will work...
1153	Kalphite Worker	Lv 28 · 40 HP	I don't think insect repellent will work...
1156	Kalphite Worker	Lv 28 · 40 HP	I don't think insect repellent will work...
997	Kalrag	Lv 89 · 78 HP	A giant spider.
486	Kalron	3 HP	He looks lost.
996	Kamen		This dwarf looks intoxicated.
784	Kanel		One of Gertrude's Sons.
846	Kangai Mau		A happening kind of guy!
455	Kaqemeex		A wise druid.
992	Kardia		A dark and evil crone.
642	Katrine		An empowered woman.
543	Kebab seller		Kebabs are full of meaty goodness!
260	Kelvin		A fightslave. He looks mistreated and weak.
697	Kennith		He looks very scared.
701	Kent		He looks very tired and hungry.
385	Kharid Scorpion		Looks vicious!
386	Kharid Scorpion		Looks vicious!
387	Kharid Scorpion		Looks vicious!
259	Khazard barman		A tough looking barman.
478	Khazard commander	Lv 48 · 22 HP	It's one of General Khazard's commanders.
253	Khazard Guard	Lv 23 · 25 HP	It's one of General Khazard's guards.
254	Khazard Guard	Lv 23 · 25 HP	It's one of General Khazard's guards.
255	Khazard Guard	Lv 23 · 25 HP	It's one of General Khazard's guards.
256	Khazard Guard	Lv 23 · 25 HP	It's one of General Khazard's guards.
257	Khazard Guard	Lv 25 · 25 HP	It's one of General Khazard's guards.
270	Khazard Ogre	Lv 63 · 60 HP	Khazard's strongest ogre warrior.
271	Khazard Scorpion	Lv 44 · 40 HP	A large angry scorpion.
475	Khazard trooper	Lv 19 · 22 HP	It's one of General Khazard's warriors.
476	Khazard trooper	Lv 19 · 22 HP	It's one of General Khazard's warriors.
477	Khazard warlord	Lv 112 · 170 HP	He looks real nasty, smells bad too.
349	Kilron		He looks shifty.
251	King Arthur		Legendary King of the Britons.
50	King black dragon	Lv 276 · 240 HP	The biggest meanest dragon around.
469	King Bolren		It's a gnome.  He looks important.
364	King Lathas		King Lathas of East Ardougne.
670	King Narnode Shareen		An important looking gnome.
212	King Percival		A former Knight of the Round Table.
648	King Roald		Varrocks' resident monarch.
144	King Scorpion	Lv 32 · 30 HP	Wow! Scorpions shouldn't grow that big.
1210	Kings messenger		One of King Luthas's messengers.
764	Kitten		A friendly little pet.
766	Kitten		A friendly little pet.
763	Kitten		A friendly little pet.
765	Kitten		A friendly little pet.
762	Kitten		A friendly little pet.
761	Kitten		A friendly little pet.
760	Kitten		It looks lost.
995	Klank		A dwarven maker of gauntlets.
744	Klarense		A young sailor.
660	Knight		You'd need a tin opener to get him out.
23	Knight of Ardougne	Lv 46 · 52 HP	A member of Ardougne's militia.
26	Knight of Ardougne	Lv 46 · 52 HP	To protect and serve the populace of Ardougne.
972	Koftik		The cave guide.
973	Koftik		The cave guide.
974	Koftik		The cave guide.
975	Koftik		The cave guide.
976	Koftik		The cave guide.
1209	Koftik		The cave guide.
905	Kolodion		He runs the mage arena.
906	Kolodion		He runs the mage arena.
911	Kolodion	Lv 112 · 107 HP	He's a shape shifter.
910	Kolodion	78 HP	He's a shape shifter.
907	Kolodion	3 HP	He runs the mage arena.
908	Kolodion	65 HP	He's a shape shifter.
909	Kolodion	78 HP	He's a shape shifter.
591	Kortan		He helps to run the adventurers' shop.
1290	Koschei the deathless	30 HP	Your challenge awaits!
1291	Koschei the deathless	50 HP	Your challenge awaits!
1292	Koschei the deathless	70 HP	Your challenge awaits!
1293	Koschei the deathless	255 HP	Your challenge awaits!
1098	Kraka	Lv 91 · 120 HP	A nasty looking troll.
919	Lady Keli		An infamous bandit.
264	Lady Servil		She looks wealthy.
1270	Lalli		Distinctly troll shaped.
1308	Lanzig	Lv 48 · 50 HP	One of Rellekka's many citizens.
1337	Larrissa		A fremennik girl.
1336	Larrissa		A fremennik girl.
680	Leatherworker		An expert leatherworker.
1219	Leech	Lv 52 · 45 HP	Yuk! Its all slimey!
915	Leela		She comes from Al-Kharid.
398	Legends Guard		A Legends Guild Guard, he protects the entrance to the Legends Guild.
399	Legends Guard		A Legends Guild Guard, he protects the entrance to the Legends Guild.
1311	Lensa	Lv 48 · 50 HP	One of Rellekka's many citizens.
65	Leprechaun	Lv 12 · 16 HP	A funny little man normally associated with rainbows.
752	Lesser demon	Lv 82 · 79 HP	Lesser, but still pretty big.
82	Lesser demon	Lv 82 · 79 HP	Lesser, but still pretty big.
69	Lizard man		A scaly reptilian creature.
1241	Loar Shade	Lv 40 · 38 HP	The shadowy remains of a long departed soul.
1240	Loar Shadow	Lv 40 · 38 HP	A shadowy sort of entity, kind of creepy looking.
268	Local		A scruffy looking chap.
485	Local Gnome	3 HP	It's a young tree gnome.
484	Local Gnome	3 HP	It's a young tree gnome.
1278	Longhall Bouncer		He's fat, he's round, he bounces on the ground. That's how he got the job.
200	Lord Daquarius	Lv 68 · 38 HP	Wears a stylish suit of armour.
1003	Lord Iban	87 HP	The great and dreadful Lord Iban
1182	Lord Iorwerth		An elf lord.
542	Louie legs		For the finest in armoured legware.
809	Louisa		She looks like she enjoys her job.
550	Lowe		Sells arrows.
1171	Lubufu		A crotchety old fisherman who doesn't like young whippersnappers.
273	Lucien		He walks with a slight limp.
272	Lucien	Lv 14 · 17 HP	He walks with a slight limp.
662	Lucy		Pretty barmaid.
903	Lundail		He sells rune stones.
565	Lunderwin		Smells strangely of cabbage.
379	Luthas		The owner of the banana plantation.
864	Mad skavid		Looks mad.
127	Magic axe	Lv 42 · 44 HP	A magic axe with a mind of it's own.
461	Magic Store owner	14 HP	A Supplier of Magical items.
599	Make-over mage		Master of the mystical make-over.
825	Male slave		It looks like he's been here a long time.
135	Mammoth		A wooly elephantlike monster.
16	Man	Lv 2 · 7 HP	One of the citizens of Al-Kharid.
24	Man	Lv 2 · 7 HP	One of RuneScape's many citizens.
663	Man		A well dressed nobleman.
1024	Man	Lv 24 · 60 HP	One of RuneScape's many citizens.
1025	Man	Lv 24 · 60 HP	One of RuneScape's many citizens.
1026	Man	Lv 24 · 60 HP	One of RuneScape's many citizens.
351	Man	Lv 4 · 13 HP	One of RuneScapes' many citizens.
1	Man	Lv 2 · 7 HP	One of RuneScape's many citizens.
2	Man	Lv 2 · 7 HP	One of RuneScape's many citizens.
3	Man	Lv 2 · 7 HP	One of RuneScape's many citizens.
726	Man		One of RuneScapes' many citizens.
727	Man		One of RuneScapes' many citizens.
728	Man		One of RuneScapes' many citizens.
729	Man		One of RuneScapes' many citizens.
730	Man		One of RuneScapes' many citizens.
359	Man		One of RuneScapes' many citizens.
1037	Man		One of RuneScape's many citizens.
1286	Manni the Reveller		Every innkeepers best friend!
1317	Market Guard	Lv 48 · 50 HP	Keeps the stalls secure.
722	Martha Rehnison		A fairly poor looking woman.
810	Mary		She looks very nervous...
805	Master crafter		The man in charge of the crafter's guild.
308	Master fisher		The man in charge of the fishing guild.
661	Megan		Pretty barmaid.
753	Melzar the mad	Lv 43 · 44 HP	He looks totally insane!
828	Mercenary	Lv 45 · 60 HP	He looks a bit aggressive.
829	Mercenary	Lv 45 · 60 HP	He looks a bit aggressive.
830	Mercenary Captain	Lv 47 · 80 HP	He looks a bit aggressive.
249	Merlin		A powerful Wizard of the Knights of the Round Table.
213	Merlin		A powerful Wizard of the Knights of the Round Table.
724	Milli Rehnison		She doesn't seem very happy.
1056	Mime		A mute performer.
841	Mine cart driver		He looks busy attending to his cart.
222	Monk	Lv 5 · 15 HP	A holy man.
803	Monk	Lv 5 · 15 HP	A holy man.
281	Monk	Lv 3 · 5 HP	An Ardougne Monk.
651	Monk		He looks holy.
657	Monk of Entrana		Holy looking.
658	Monk of Entrana		Holy looking.
188	Monk of Zamorak	Lv 22 · 20 HP	An evil human cleric.
189	Monk of Zamorak	Lv 17 · 10 HP	An evil human cleric.
190	Monk of Zamorak	Lv 45 · 40 HP	An evil human cleric.
1044	Monk of Zamorak	Lv 22 · 20 HP	An evil human cleric.
1045	Monk of Zamorak	Lv 17 · 10 HP	An evil human cleric.
1046	Monk of Zamorak	Lv 30 · 25 HP	An evil human cleric.
132	Monkey	Lv 3 · 6 HP	Perhaps our oldest relatives?
755	Morgan		He looks scared.
248	Morgan Le Faye		An evil and powerful sorceress.
227	Morris		He checks the entrants to the fishing contest.
1255	Mort'ton Local		A local villager of Mort'ton.
1259	Mort'ton local		A local villager of Mort'ton.
1256	Mort'ton Local		A local villager of Mort'ton.
1260	Mort'ton local		A local villager of Mort'ton.
1188	Morvran		An elvan warrier.
500	Mosol Rei		Slightly under dressed.
112	Moss giant	Lv 42 · 60 HP	His beard seems to have a life of its own.
232	Mountain Dwarf		He looks short and grumpy.
1094	Mountain Goat		This beast doesn't need climbing boots.
1140	Mountain Goat		This beast doesn't need climbing boots.
1141	Mountain Goat		This beast doesn't need climbing boots.
1106	Mountain Troll	Lv 69 · 90 HP	Small for a troll but mean and ugly.
1107	Mountain Troll	Lv 69 · 90 HP	Small for a troll but mean and ugly.
1108	Mountain Troll	Lv 69 · 90 HP	Small for a troll but mean and ugly.
1109	Mountain Troll	Lv 69 · 90 HP	Small for a troll but mean and ugly.
1110	Mountain Troll	Lv 69 · 90 HP	Small for a troll but mean and ugly.
1111	Mountain Troll	Lv 69 · 90 HP	Small for a troll but mean and ugly.
1112	Mountain Troll	Lv 69 · 90 HP	Small for a troll but mean and ugly.
1138	Mountain Troll	Lv 71 · 90 HP	Small for a troll but mean and ugly.
137	Mounted terrorbird gnome	Lv 31 · 36 HP	These gnomes know how to get around!
138	Mounted terrorbird gnome	Lv 49 · 55 HP	These gnomes know how to get around!
357	Mourner	Lv 18 · 13 HP	A mourner, or plague healer.
717	Mourner		A mourner, or plague healer.
347	Mourner	Lv 11 · 19 HP	A mourner, or plague healer.
348	Mourner	Lv 24 · 25 HP	A mourner, or plague healer.
371	Mourner	Lv 12 · 13 HP	A mourner, or plague healer.
370	Mourner	Lv 13 · 19 HP	A mourner, or plague healer.
369	Mourner	Lv 24 · 25 HP	A mourner, or plague healer.
718	Mourner		A mourner, or plague healer.
719	Mourner		A mourner, or plague healer.
372	Mourner		A mourner, or plague healer.
901	Mouse		Deceptively mouse shaped.
957	Mubariz		Tough looking combat type.
175	Mugger	Lv 6 · 8 HP	He jumps out and attacks people.
70	Mummy		A tightly wrapped monster.
463	Murphy		Salty old sea dog.
465	Murphy		Salty old sea dog.
464	Murphy		Salty old sea dog.
466	Murphy		Salty old sea dog.
1139	Mushroom		He's fast asleep.
1232	Myre Blamish Snail	Lv 10 · 13 HP	A marsh coloured blamish snail, these types are said to spit acid.
1227	Myre Blamish Snail	Lv 9 · 8 HP	A marsh coloured blamish snail, these types are said to spit acid.
410	Mysterious Old Man		A very strange old man...
1051	Nature Spirit		A spirit of Nature.
507	Nazastarool	Lv 91 · 70 HP	A giant zombie of huge strength and devastating power.
508	Nazastarool	Lv 68 · 70 HP	A giant skeleton of huge strength and devastating power.
509	Nazastarool	Lv 93 · 80 HP	A giant ghost of huge strength and devastating power.
194	Necromancer	Lv 26 · 40 HP	A crazy evil necromancer.
743	Ned		An old sailor.
918	Ned		An old sailor.
934	Nezikchened	Lv 187 · 150 HP	An ancient powerful demon of the underworld.
994	Nilhoof		A strong and hardy dwarf.
896	Nora T. Hagg		Distinctly witchey.
597	Noterazzo		The lawless shop keeper.
209	Nulodion		The Dwarven armoury engineer.
594	Nurmof		He runs a pickaxe store.
373	Nurse Sarah		She's quite a looker!
516	Obli		An intelligent looking shop owner.
487	Observatory assistant		He helps the professor.
488	Observatory professor		A learned man in the ways of the stars.
490	Observatory professor		A learned man in the ways of the stars.
1085	Ocga	Lv 5 · 10 HP	A citizen of Burthorpe.
1234	Ochre Blamish Snail	Lv 15 · 20 HP	A muddy coloured blamish snail, these types are said to spit acid.
1229	Ochre Blamish Snail	Lv 10 · 10 HP	A muddy coloured blamish snail, these types are said to spit acid.
853	Og		A senior member of the ogre community.
374	Ogre	Lv 63 · 60 HP	Big, ugly, and smelly.
114	Ogre	Lv 53 · 60 HP	A large dim looking humanoid.
115	Ogre	Lv 53 · 60 HP	A large dim looking humanoid.
852	Ogre chieftain	Lv 81 · 60 HP	Tough looking.
857	Ogre guard	Lv 83 · 80 HP	An ogre that guards.
858	Ogre guard	Lv 83 · 80 HP	These ogres protect the city.
859	Ogre guard	Lv 83 · 80 HP	An ogre that guards.
860	Ogre guard	Lv 83 · 80 HP	An ogre that guards.
861	Ogre guard	Lv 83 · 80 HP	An ogre that guards.
874	Ogre merchant	Lv 70 · 60 HP	Funnily enough, doesn't actually buy or sell ogres.
871	Ogre shaman	Lv 113 · 99 HP	Seems intelligent... for an ogre.
876	Ogre trader	Lv 70 · 60 HP	Funnily enough, doesn't actually buy or sell ogres.
873	Ogre trader	Lv 70 · 60 HP	Funnily enough, doesn't actually buy or sell ogres.
875	Ogre trader	Lv 70 · 60 HP	Funnily enough, doesn't actually buy or sell ogres.
1269	Olaf the Bard		A Fremennik bard.
350	Omart		A nervous looking fellow.
48	Oomlie Bird	Lv 46 · 40 HP	A jungle version of the chicken, but more vicious.
746	Oracle		A mystical fount of knowledge.
71	Orc	Lv 20 · 29 HP	A hideous malformed elf.
924	Osman		He looks a little shifty.
1274	Ospak		Looks like he's had a few drinks already.
998	Othainian	Lv 91 · 87 HP	One of the Guardians of Iban.
126	Otherworldly being	Lv 64 · 66 HP	Is he invisible or just a set of floating clothing?
774	Overgrown cat		A friendly not-so little pet.
777	Overgrown cat		A friendly not-so little pet.
779	Overgrown cat		A friendly not-so little pet.
776	Overgrown cat		A friendly not-so little pet.
778	Overgrown cat		A friendly not-so little pet.
775	Overgrown cat		A friendly not-so little pet.
747	Oziach		A strange little man.
365	Paladin	Lv 59 · 13 HP	A military man.
20	Paladin	Lv 62 · 57 HP	A holy warrior.
620	Panning guide		A specialist in panning for gold.
1215	Parrots		What a colourful bunch of parrots!
1216	Parroty Pete		He seems strangely familiar...
659	Party Pete		He likes to paaaarty!
215	Peasant		He looks happy...
214	Peasant		He looks unhappy...
1097	Pee Hat	Lv 91 · 120 HP	A nasty looking troll.
1288	Peer the Seer		A Fremennik riddler.
538	Peksa		Always up to date with the latest fashions in hats.
1087	Penda	Lv 5 · 10 HP	A citizen of Burthorpe.
131	Penguin	Lv 2 · 4 HP	An inhabitant of icy regions.
888	Philipe Carnillean		The newest member of the Carnillean family.
782	Philop		One of Gertrude's Sons.
1244	Phrin Shade	Lv 60 · 56 HP	The shadowy remains of a long departed soul.
1243	Phrin Shadow	Lv 60 · 56 HP	A shadowy sort of entity, kind of creepy looking.
807	Pierre		His job doesn't look very fun...
185	Pirate	Lv 23 · 20 HP	A fine example of piracys' equal opportunities program.
184	Pirate	Lv 26 · 23 HP	This ones had too much to drink!
182	Pirate	Lv 23 · 20 HP	Yar! Shiver me timbers!
183	Pirate	Lv 23 · 20 HP	Avast ye scurvy land lubbers!
799	Pirate Guard	Lv 19 · 25 HP	A morally ambiguous guard.
1055	Pirate Jackie the Fruit		Ticket trader for the Brimhaven Agility Arena.
109	Pit Scorpion	Lv 28 · 32 HP	Tiny, annoying, stinging thing.
820	Poison Salesman		He sure likes to sell stuff!
108	Poison Scorpion	Lv 20 · 23 HP	It has a very vicious looking tail.
1009	Poison spider	Lv 31 · 25 HP	A nasty poisonous arachnid.
134	Poison spider	Lv 64 · 64 HP	I think this spider has been genetically modified.
1309	Pontak	Lv 48 · 50 HP	One of Rellekka's many citizens.
31	Priest		A holy man.
358	Priest		A holy man.
921	Prince Ali		Now that's an effective disguise!
920	Prince Ali		A young prince.
286	Professor Oddenstein		A mad scientist if ever I saw one!
1208	Quartermaster		Responsible for the food and equipment of the troops.
1193	Rabbit	Lv 2 · 5 HP	A cute bunny rabbit.
1194	Rabbit	Lv 2 · 5 HP	A cute bunny rabbit.
1192	Rabbit	Lv 2 · 5 HP	A cute bunny rabbit.
1358	Rachael		Pretty barmaid.
400	Radimus Erkle		Radimus is the Grand Vizier of the Legends Guild.
544	Ranael		She's an expert on armoured skirts!
938	Ranalph Devere	Lv 92 · 130 HP	The spirit of a long dead warrior.
679	Ranging Guild Doorman	50 HP	The keeper of the gates to the ranging guild.
1010	Rantz		A large dim looking humanoid.
506	Rashiliyia		The animated spirit of Rashiliyia the Zombie Queen.
47	Rat	Lv 1 · 2 HP	A popular dwarven delicacy.
1254	Razmire Keelgan		A local villager of Mort'ton.
720	Recruiter		A member of the Ardougne Royal Army.
53	Red dragon	Lv 152 · 140 HP	A big powerful dragon.
375	Redbeard Frank		A pirate.
1211	regicide_willothewisp1		Mysterious swamp lights...
647	Reldo		Reldo the librarian.
472	Remsai		It's a tree gnome.
237	Renegade Knight	Lv 37 · 48 HP	He isn't very friendly.
457	Restless ghost		Eek! A ghost!
391	River troll	Lv 14 · 25 HP	Likes fish... hates people.
392	River troll	Lv 29 · 40 HP	Likes fish... hates people.
393	River troll	Lv 49 · 60 HP	Likes fish... hates people.
394	River troll	Lv 79 · 85 HP	Likes fish... hates people.
395	River troll	Lv 120 · 120 HP	Likes fish... hates people.
396	River troll	Lv 159 · 170 HP	Likes fish... hates people.
1246	Riyl Shade	Lv 80 · 76 HP	The shadowy remains of a long departed soul.
1245	Riyl Shadow	Lv 80 · 76 HP	A shadowy sort of entity, kind of creepy looking.
592	Roachey		He runs the fishing guild shop.
1042	Roavar		Seems a jolly chap.
1095	Rock	Lv 111 · 140 HP	The biggest and baddest troll.
1265	Rock Crab	Lv 13 · 50 HP	No one likes crabs...
1267	Rock Crab	Lv 13 · 50 HP	No one likes crabs...
413	Rock Golem	Lv 14 · 25 HP	Rock with attitude.
414	Rock Golem	Lv 29 · 40 HP	Rock with attitude.
415	Rock Golem	Lv 49 · 60 HP	Rock with attitude.
416	Rock Golem	Lv 79 · 85 HP	Rock with attitude.
417	Rock Golem	Lv 120 · 120 HP	Rock with attitude.
418	Rock Golem	Lv 159 · 170 HP	Rock with attitude.
1266	Rocks	50 HP	A rocky outcrop.
1268	Rocks	50 HP	A rocky outcrop.
187	Rogue	Lv 15 · 17 HP	Rogueish.
639	Romeo		Rather dense and soppy looking.
601	Rometti		It's a well dressed tree gnome.
585	Rommik		If craftings your thing, he's your man!
1018	Rooster	Lv 2 · 7 HP	He rules the...er...roost.
842	Rowdy Guard	Lv 43 · 60 HP	He looks a bit aggressive and rowdy.
827	Rowdy slave	Lv 10 · 16 HP	He looks a bit aggressive.
843	RPDT employee		Inefficient looking.
1038	Rufus		There's something strange about him...
1070	Saba		A dishevelled and irritable hermit.
965	Sabeil	7 HP	A citizen of Al Kharid.
960	Sabreen		Wow! She's made a statement with that hair!
1304	Sailor		He's strong to the finish, because he eats cabbage.
205	Salarin the twisted	Lv 70 · 70 HP	A crazy evil druid
1357	Sam		Pretty barmaid.
936	San Tojalon	Lv 106 · 120 HP	The spirit of a long dead warrior.
454	Sanfew		An old druid.
1264	Saradomin Wizard	Lv 108 · 120 HP	A follower of Saradomin.
1313	Sassilik	Lv 48 · 50 HP	One of Rellekka's many citizens.
1041	Sbott		Has a faint smell of chemicals about him.
863	Scared skavid		Frightened looking.
537	Scavvo		He's got the best armour around!
107	Scorpion	Lv 14 · 17 HP	An extremely vicious scorpion.
1006	Sea slug		A rather nasty looking crustacean.
377	Seaman Lorris		A young sailor.
378	Seaman Thresnor		A young sailor.
300	Sedridor		Chief of research at Wizards' Tower.
388	Seer		Could do with a shave...
514	Seravel		This is Seravel - he sells tickets for the 'Lady of the Waves'.
1061	Sergeant		Sergeant of the Imperial Guard.
1062	Sergeant		Sergeant of the Imperial Guard.
1081	Servant	Lv 5 · 10 HP	A servant for Prince Anlaf.
791	Seth		Slightly fishy smelling.
425	Shade	Lv 14 · 25 HP	The angry dead!
426	Shade	Lv 29 · 40 HP	The angry dead!
427	Shade	Lv 49 · 60 HP	The angry dead!
428	Shade	Lv 79 · 85 HP	The angry dead!
429	Shade	Lv 120 · 120 HP	The angry dead!
430	Shade	Lv 159 · 170 HP	The angry dead!
1242	Shade Spirit		
58	Shadow spider	Lv 52 · 55 HP	Is it a spider or is it a shadow?
158	Shadow warrior	Lv 48 · 67 HP	A fighter from the supernatural world, he's a shadow of his former self.
654	Shamus	16 HP	A funny little man who lives in a tree.
836	Shantay		He's in control of the Shantay pass.
837	Shantay Guard	Lv 22 · 32 HP	He patrols the Shantay Pass.
838	Shantay Guard	Lv 22 · 32 HP	He patrols the Shantay Pass.
467	Shark		Let's not go skinny dipping eh?
468	Shark		Let's not go skinny dipping eh?
40	Shark		Let's not go skinny dipping eh?
42	Sheep		Freshly sheared.
43	Sheep		White and fluffy.
781	Shilop		One of Gertrude's Sons.
675	Shipyard worker	10 HP	Builds ships for a living.
38	Shipyard worker	Lv 11 · 10 HP	Builds ships for a living.
39	Shipyard worker	Lv 11 · 10 HP	Builds ships for a living.
521	Shop assistant		Helps sell stuff.
523	Shop assistant		Likes helping sell stuff.
525	Shop assistant		Likes you more the more you spend.
527	Shop assistant		Likes you more the more you spend.
529	Shop assistant		Is here on work experience.
531	Shop assistant		Works on commission.
533	Shop assistant		Needs a haircut.
552	Shop assistant		Helps the shop keeper sell swords.
520	Shop keeper		Sells stuff.
522	Shop keeper		Likes people spending money.
524	Shop keeper		A product of consumerist society.
526	Shop keeper		A product of consumerist society.
528	Shop keeper		If he doesn't have it, he can't sell it!
530	Shop keeper		An interesting assortment of items for sale.
532	Shop keeper		Clearly takes pride in his appearance.
555	Shop keeper		Has a fine moustache!
561	Shop keeper		Could stand to lose a few pounds.
551	Shop keeper		Ironically, makes a living from swords.
933	Siegfried Erkle		An eccentric shop keeper - related to the Grand Vizier of the Legends Guild.
37	Sigbert the Adventurer		A bold knight famed for his travels.
1281	Sigli the Huntsman		A Fremennik hunter.
1282	Sigmund The Merchant		A Fremennik merchant.
574	Silk merchant		Seems very well off.
539	Silk trader		Very snappily dressed!
569	Silver merchant		Looks fairly well fed.
821	Sinclair Guard dog		Big, noisy, and scary looking!
608	Sir Amik Varze		Leader of the White Knights.
242	Sir Bedivere		One of the Knights of the Round Table.
989	Sir Carl	Lv 62 · 57 HP	A mighty looking warrior.
240	Sir Gawain		One of the Knights of the Round Table.
990	Sir Harry	Lv 62 · 57 HP	A mighty looking warrior.
988	Sir Jerro	Lv 62 · 57 HP	A mighty looking warrior.
241	Sir Kay		One of the Knights of the Round Table.
239	Sir Lancelot		One of the Knights of the Round Table.
245	Sir Lucan		One of the Knights of the Round Table.
247	Sir Mordred	Lv 39 · 38 HP	Leader of the Renegade Knights.
246	Sir Palomedes		One of the Knights of the Round Table.
244	Sir Pelleas		One of the Knights of the Round Table.
211	Sir Percival		One of the Knights of the Round Table.
883	Sir Prysin		One of the king's knights.
243	Sir Tristram		One of the Knights of the Round Table.
605	Sir Vyvin		An elderly White Knight.
129	Skavid	Lv 2 · 6 HP	Servant race to the ogres.
865	Skavid		A skavid.
866	Skavid		A skavid.
867	Skavid		A skavid.
868	Skavid		A skavid.
869	Skavid		A skavid.
750	Skeleton	Lv 22 · 29 HP	Could do with gaining a few pounds.
93	Skeleton	Lv 45 · 59 HP	Could do with gaining a few pounds.
92	Skeleton	Lv 22 · 29 HP	Could do with gaining a few pounds.
90	Skeleton	Lv 25 · 17 HP	Could do with gaining a few pounds.
91	Skeleton	Lv 21 · 24 HP	Could do with gaining a few pounds.
459	Skeleton	Lv 13 · 18 HP	It rattles when it walks.
94	Skeleton Mage	Lv 16 · 17 HP	An undead worker of dark magic.
1303	Skulgrimen		Sells and makes weapons and armour.
979	Slave		A wretched slave of Iban.
980	Slave		A wretched slave of Iban.
981	Slave		A wretched slave of Iban.
982	Slave		A wretched slave of Iban.
983	Slave		A wretched slave of Iban.
984	Slave		A wretched slave of Iban.
985	Slave		A wretched slave of Iban.
128	Snake	Lv 5 · 6 HP	A slithering serpent.
1063	Soldier		A soldier of the Imperial Guard.
1066	Soldier		A soldier of the Imperial Guard.
1067	Soldier		A soldier of the Imperial Guard.
1068	Soldier		A soldier of the Imperial Guard.
1064	Soldier		A soldier of the Imperial Guard.
1065	Soldier	Lv 48 · 50 HP	A soldier of the Imperial Guard.
1069	Soldier		A soldier of the Imperial Guard.
35	Soldier	Lv 28 · 22 HP	A soldier of the town of Yanille.
140	Souless	Lv 18 · 24 HP	A servant to Iban.
204	Speedy Keith	Lv 34 · 37 HP	Nice hair.
572	Spice seller		Has a very exotic aroma about him.
61	Spider	Lv 1 · 2 HP	Incey wincey.
1221	Spider		Nasty little creature.
1004	Spider	Lv 1 · 2 HP	Incey wincey.
492	Spirit of Scorpius		The essence of evil.
606	Squire		Indentured servant of a Knight.
811	Stanford		He looks like he spends a lot of time outdoors.
383	Stankers		He's in control of the coal trucks.
1096	Stick	Lv 104 · 135 HP	A big, bad troll.
1058	Strange watcher		A member of the audience.
1057	Strange watcher		A member of the audience.
1059	Strange watcher		A member of the audience.
644	Straven	Lv 23 · 20 HP	Kind of funny looking.
615	Student		A student busily digging.
617	Student		A student busily digging.
616	Student		A student busily digging.
1275	Styrmir		Doesn't look like the musical type.
453	Suit of armour	Lv 19 · 29 HP	A dusty old suit of armour.
77	Summoned Zombie	Lv 13 · 22 HP	The living dead.
1013	Swamp toad		A green skinned croaker, loves the swamp.
1283	Swensen the Navigator		A Fremennik navigator.
961	Tafani		Looks after injured fighters.
1167	Tamayu		A hunter who long ago succumbed to blood lust.
1168	Tamayu		A hunter who long ago succumbed to blood lust.
1170	Tamayu		A hunter who long ago succumbed to blood lust.
1169	Tamayu		A hunter who long ago succumbed to blood lust.
804	Tanner		Manufacturer of fine leathers.
595	Tea seller		He seems to sell tea.
721	Ted Rehnison		The head of the Rehnison family.
1213	Tegid		He's washing his clothes in the lake.
1047	Temple guardian	Lv 30 · 45 HP	Looks like a big ugly dog.
1071	Tenzing		An experienced Sherpa.
136	Terrorbird	Lv 28 · 34 HP	A giant raptor.
1279	The Draugen	Lv 69 · 60 HP	A fearful spirit of the drowned.
220	The Fisher King		He doesn't look very well...
250	The Lady of the Lake		A powerful sorceress who guards Excalibur.
1172	The Shaikahan	Lv 83 · 100 HP	A huge beast, resembling in some ways a lion, but mostly a twisted nightmare.
1173	The Shaikahan	Lv 83 · 100 HP	A huge beast, resembling in some ways a lion, but mostly a twisted nightmare.
548	Thessalia		Interesting assortment of clothes on offer...
282	Thief	Lv 14 · 17 HP	A dastardly blanket thief.
8	Thief	Lv 16 · 17 HP	Known for his lightfingered qualities.
1214	Thistle		It's a Troll Thistle.
1300	Thora the Barkeep		The Longhall barkeep
389	Thormac		Nice hat.
1289	Thorvald the Warrior		A Fremennik hero.
238	Thrantax The Mighty	Lv 92 · 80 HP	A scary looking spirit.
1101	Thrower Troll	Lv 67 · 95 HP	Small for a troll but mean, ugly and throws rocks.
1102	Thrower Troll	Lv 67 · 95 HP	Small for a troll but mean, ugly and throws rocks.
1103	Thrower Troll	Lv 67 · 95 HP	Small for a troll but mean, ugly and throws rocks.
1104	Thrower Troll	Lv 67 · 95 HP	Small for a troll but mean, ugly and throws rocks.
1105	Thrower Troll	Lv 67 · 95 HP	Small for a troll but mean, ugly and throws rocks.
1130	Thrower Troll	Lv 68 · 95 HP	Small for a troll but mean, ugly and throws rocks.
1131	Thrower Troll	Lv 68 · 95 HP	Small for a troll but mean, ugly and throws rocks.
1132	Thrower Troll	Lv 68 · 95 HP	Small for a troll but mean, ugly and throws rocks.
1133	Thrower Troll	Lv 68 · 95 HP	Small for a troll but mean, ugly and throws rocks.
1134	Thrower Troll	Lv 68 · 95 HP	Small for a troll but mean, ugly and throws rocks.
186	Thug	Lv 10 · 18 HP	Low on brains, high on aggression.
604	Thurgo		Dwarvish.
1163	Tiadeche		A rather depressed looking fisherman.
1164	Tiadeche		A rather depressed looking fisherman.
694	Ticket Merchant		Exchanges your tickets for equipment.
1162	Timfraku		The imposing Chief of Tai Bwo Wannai.
1165	Tinsay		A more than slightly eccentric looking priest.
1166	Tinsay		A more than slightly eccentric looking priest.
855	Toban		Ogre-ish.
1276	Torbrund		Waiting for the show.
1079	Tostig		Barman of the Toad and Chicken.
684	Tower Advisor		Tower keeper and competition judge.
685	Tower Advisor		Tower keeper and competition judge.
686	Tower Advisor		Tower keeper and competition judge.
687	Tower Advisor		Tower keeper and competition judge.
688	Tower Archer	Lv 19 · 30 HP	Defender of the north tower.
689	Tower Archer	Lv 34 · 50 HP	Defender of the east tower.
690	Tower Archer	Lv 49 · 70 HP	Defender of the south tower.
691	Tower Archer	Lv 64 · 90 HP	Defender of the west tower.
877	Tower guard	Lv 28 · 22 HP	Tries to keep the peace.
1298	Town Guard		What a rubbish job he has.
1299	Town Guard		Who's going to steal a whole town anyway?
881	Traiborn		An old wizard.
11	Tramp	Lv 2 · 7 HP	A man down on his luck.
641	Tramp		Looks down on his luck.
152	Tree	250 HP	It's bark is worse than its swipe.
1226	Tree	250 HP	It's bark is worse than its swipe.
438	Tree spirit	Lv 14 · 25 HP	A very angry nymph.
439	Tree spirit	Lv 29 · 40 HP	A very angry nymph.
440	Tree spirit	Lv 49 · 60 HP	A very angry nymph.
441	Tree spirit	Lv 79 · 85 HP	A very angry nymph.
442	Tree spirit	Lv 120 · 120 HP	A very angry nymph.
443	Tree spirit	Lv 159 · 170 HP	A very angry nymph.
655	Tree spirit	Lv 101 · 85 HP	Guardian of the dramen tree.
692	Tribal Weapon Salesman		Supplier of authentic throwing weapons.
191	Tribesman	Lv 32 · 39 HP	A primitive warrior.
790	Trobert	13 HP	A well dressed thief.
72	Troll	Lv 69 · 90 HP	A hideously deformed creature.
1115	Troll General	Lv 113 · 140 HP	One of the Troll Generals.
1116	Troll General	Lv 113 · 140 HP	One of the Troll Generals.
1117	Troll General	Lv 113 · 140 HP	One of the Troll Generals.
1118	Troll Spectator	Lv 71 · 90 HP	He's watching the arena.
1119	Troll Spectator	Lv 71 · 90 HP	He's watching the arena.
1120	Troll Spectator	Lv 71 · 90 HP	He's watching the arena.
1121	Troll Spectator	Lv 71 · 90 HP	He's watching the arena.
1122	Troll Spectator	Lv 71 · 90 HP	He's watching the arena.
1123	Troll Spectator	Lv 71 · 90 HP	He's watching the arena.
1124	Troll Spectator	Lv 71 · 90 HP	He's watching the arena.
740	Trufitus		A wise old witch doctor.
301	Twig		Reminds me of playing pooh sticks.
1128	Twig	Lv 71 · 90 HP	He's guarding the cells.
1200	Tyras guard	Lv 110 · 110 HP	One of King Tyras's men.
1203	Tyras guard	Lv 110 · 110 HP	One of King Tyras's men.
1206	Tyras guard		One of King Tyras's men.
1204	Tyras guard	Lv 110 · 110 HP	One of King Tyras's men.
1205	Tyras guard		One of King Tyras's men.
840	Ugthanki	Lv 42 · 45 HP	A vicious attaking camel.
1054	Ulizius		A slightly nervous guard.
1252	Ulsquire Shauncy		A local villager of Mort'ton.
503	Undead One	Lv 61 · 47 HP	A minion of Rashiliyia.
502	Undead One	Lv 68 · 47 HP	It rattles when it walks.
505	Undead One	Lv 73 · 59 HP	The animated dead, one of Rashiliyias' minions.
504	Undead One	Lv 68 · 47 HP	The animated dead, one of Rashiliyias' minions.
1086	Unferth	Lv 6 · 10 HP	A citizen of Burthorpe.
930	Ungadulu	Lv 169 · 150 HP	The Kharazi tribes elusive Shaman - something doesn't look quite right with him.
929	Ungadulu	Lv 70 · 65 HP	The Kharazi tribes elusive Shaman.
89	Unicorn	Lv 15 · 19 HP	Horse with a horn.
987	Unicorn	Lv 15 · 19 HP	The animal is caged here.
1328	Unicorn Foal	Lv 12 · 15 HP	Horned Horsey.
536	Valaine		A champion of a sales woman!
1220	Vampire	Lv 72 · 50 HP	Where did that come from?
1223	Vampire	Lv 61 · 40 HP	It looks really hungry!
1225	vampire_count	Lv 25 · 100 HP	
1224	vampire_juve_hound		
1222	vampire_misty		
798	Velrak the explorer		He looks cold and hungry.
285	Veronica		She doesn't look too happy.
511	Vigroy		A cart driver, it looks like he's quite experienced.
935	Viyeldi	Lv 79 · 80 HP	The spirit of a long dead wizard.
1318	Warrior	Lv 48 · 50 HP	A hardened Fremennik warrior.
650	Warrior		He looks big and dumb.
15	Warrior woman	Lv 24 · 20 HP	Not very fashion conscious.
431	Watchman	Lv 14 · 20 HP	The strong arm of the law.
432	Watchman	Lv 29 · 40 HP	The strong arm of the law.
433	Watchman	Lv 49 · 60 HP	The strong arm of the law.
434	Watchman	Lv 79 · 85 HP	The strong arm of the law.
435	Watchman	Lv 120 · 120 HP	The strong arm of the law.
436	Watchman	Lv 159 · 170 HP	The strong arm of the law.
34	Watchman	Lv 33 · 22 HP	Watches stuff. But who watches him?
872	Watchtower wizard		The hat is a dead give away.
1022	Water elemental	Lv 34 · 30 HP	A water elemental.
581	Wayne		An armourer.
880	Weakened Delrith		The demon doesn't look so strong now.
681	Weapon poison salesman		Supplier of deadly liquids.
643	Weaponsmaster	Lv 23 · 20 HP	Looks kind of obsessive...
1152	Weird Old Man		What's he mumbling about?
1092	White Knight	Lv 36 · 52 HP	The Knight seems to be watching something.
19	White Knight	Lv 36 · 52 HP	Nice armour!
97	White wolf	Lv 38 · 44 HP	A vicious mountain wolf.
96	White wolf	Lv 25 · 34 HP	A vicious mountain wolf.
1212	Willow the wisp		Mysterious swamp lights...
1043	Willow the wisp		Mysterious swamp lights...
783	Wilough		One of Gertrude's Sons.
276	Winelda		A witch.
1083	Wistan		Shopkeeper for Burthorpe.
611	Witch		The Black Knights' resident witch.
176	Witch	Lv 25 · 10 HP	The hat's a dead give away.
177	Witch	Lv 25 · 10 HP	The hat's a dead give away.
993	Witches cat		Curiosity is yet to kill this one...
897	Witches experiment	Lv 19 · 21 HP	Looks unnatural.
900	Witches experiment fourth form	Lv 53 · 51 HP	Looks unnatural.
898	Witches experiment second form	Lv 30 · 31 HP	Looks unnatural.
899	Witches experiment third form	Lv 42 · 41 HP	Looks unnatural.
1263	Wizard		Slightly more magical.
13	Wizard	Lv 9 · 14 HP	Slightly magical.
652	Wizard		He looks kind of puny...
844	Wizard Cromperty		The hat is a dead give away.
462	Wizard Distentor		Head of the Magic Guild.
460	Wizard Frumscone	14 HP	A Wizard of the Magic Guild.
707	Wizard Grayzag	Lv 41 · 34 HP	Master of imps.
706	Wizard Mizgog	3 HP	An old wizard.
142	Wolf	Lv 25 · 34 HP	A social killer.
1330	Wolf	Lv 64 · 69 HP	Not mans' best friend.
95	Wolf	Lv 64 · 69 HP	Not mans' best friend.
1030	Wolfman	Lv 88 · 100 HP	Eek! A werewolf!
1031	Wolfman	Lv 88 · 100 HP	Eek! A werewolf!
1032	Wolfman	Lv 88 · 100 HP	Eek! A werewolf!
1033	Wolfwoman	Lv 88 · 100 HP	Eek! A werewolf!
1034	Wolfwoman	Lv 88 · 100 HP	Eek! A werewolf!
1035	Wolfwoman	Lv 88 · 100 HP	Eek! A werewolf!
25	Woman	Lv 2 · 7 HP	One of RuneScape's many citizens.
1027	Woman	Lv 24 · 60 HP	One of RuneScape's many citizens.
1028	Woman	Lv 24 · 60 HP	One of RuneScape's many citizens.
1029	Woman	Lv 24 · 60 HP	One of RuneScape's many citizens.
352	Woman	Lv 3 · 10 HP	One of RuneScapes' many citizens.
354	Woman	Lv 3 · 10 HP	One of RuneScapes' many citizens.
360	Woman	Lv 4 · 13 HP	One of RuneScapes' many citizens.
361	Woman	Lv 12 · 13 HP	One of RuneScapes' many citizens.
353	Woman	Lv 4 · 13 HP	One of RuneScapes' many citizens.
362	Woman	Lv 3 · 10 HP	One of RuneScapes' many citizens.
363	Woman	Lv 14 · 23 HP	One of RuneScapes' many citizens.
4	Woman	Lv 2 · 7 HP	One of RuneScape's many citizens.
5	Woman	Lv 2 · 7 HP	One of RuneScape's many citizens.
6	Woman	Lv 2 · 7 HP	One of RuneScape's many citizens.
745	Wormbrain	Lv 2 · 5 HP	A badly behaved goblin.
557	Wydin		Likes his food to be kept fresh.
36	Wyson the gardener	7 HP	The head gardener.
515	Yanni Salika		Yanni Salika - He buys and sells antiques.
130	Yeti	Lv 58 · 55 HP	The abominable snowman.
513	Yohnus		This is Yohnus - he runs the local blacksmiths.
1301	Yrsa		Pretty shabbily dressed for a clothes shop owner.
501	Zadimus' spirit.		The animated spirit of a soul not at rest.
546	Zaff		Sells superior staffs.
963	Zahwa		'Battle scarred'.
568	Zambo		Appears slightly drunk.
1007	Zamorak Wizard	Lv 65 · 80 HP	A servant of Zamorak.
541	Zeke		Sells superior scimitars.
589	Zenesha		Sells top quality plate mail armour.
751	Zombie	Lv 25 · 30 HP	The walking dead.
419	Zombie	Lv 14 · 20 HP	The walking dead!
420	Zombie	Lv 29 · 40 HP	The walking dead!
421	Zombie	Lv 49 · 60 HP	The walking dead!
422	Zombie	Lv 79 · 85 HP	The walking dead!
423	Zombie	Lv 120 · 120 HP	The walking dead!
424	Zombie	Lv 159 · 170 HP	The walking dead!
75	Zombie	Lv 24 · 30 HP	The walking dead.
76	Zombie	Lv 25 · 30 HP	The walking dead.
73	Zombie	Lv 13 · 22 HP	Dead man walking.
74	Zombie	Lv 18 · 24 HP	Dead man walking.
28	Zoo keeper	20 HP	Enjoys locking up animals in small pens.